<?xml version="1.0"?>
<structures>
	<item id="PAF" label="PAF">
		<type id="type" label="Type" template="paf_type" keyPostfix="pt" enableTesting="no" class="4" icon="28">
			<header>
				<item id="application" tag="/application" label="Application" type="list" required="yes" listSubItem="yes"/>
				<item id="messageName" tag="/name" label="Name" type="text" required="yes" validChars="ABCDEFGHIJKLMNOPQRSTUVWXYZabcdefghijklmnopqrstuvwxyz1234567890.-_"/>
				<item id="description" tag="/description" label="Description" type="text" multiLine="7"/>
				<item id="messageDate" tag="/created" label="Dated" type="text" state="locked" listSubItem="yes"/>
				<item id="author" tag="/author" label="Author" type="text" state="locked" listSubItem="yes"/>
				<item id="TypeSize" tag="/size" label="Size" type="text" validChars="1234567890"/>
				<item id="soapTag" tag="/soapTag" label="Soap Tag" type="text" validChars="ABCDEFGHIJKLMNOPQRSTUVWXYZabcdefghijklmnopqrstuvwxyz1234567890.-_"/>
				<item id="tapclassname" tag="/tapClassName" label="Tap Class Name" type="text" validChars="ABCDEFGHIJKLMNOPQRSTUVWXYZabcdefghijklmnopqrstuvwxyz1234567890.-_"/>
			</header>
			<detail>
				<item id="name" tag="@name" label="Name" required="yes" type="text" listSubItem="yes" validChars="ABCDEFGHIJKLMNOPQRSTUVWXYZabcdefghijklmnopqrstuvwxyz_-1234567890"/>
				<item id="tapname" tag="@tapname" label="TapName" required="no" type="text" listSubItem="yes" validChars="ABCDEFGHIJKLMNOPQRSTUVWXYZabcdefghijklmnopqrstuvwxyz_-1234567890"/>
				<item id="nexenName" tag="@nexenName" label="Nexen Name" type="text" multiLine="1"/>
				<item id="display_off" tag="@display_off" label="display_off" type="text" listSubItem="no"/>
				<item id="fieldType" tag="@type" label="Type" required="yes" type="list" listSubItem="yes"/>
				<item id="fieldSize" tag="@size" label="Size" type="text" validChars="1234567890"/>
				<item id="precision" tag="@precision" label="Precision" type="text" validChars="1234567890"/>
				<item id="maxOccurs" tag="@maxOccurs" label="maxOccurs" type="text" validChars="1234567890"/>
				<item id="required" tag="@required" label="Required" type="list"/>
				<item id="nillable" tag="@nillable" label="Nillable" type="list"/>
				<item id="format" tag="@format" label="MQ Format" type="list"/>
				<item id="plheader" tag="@plheader" label="PL Header" type="list"/>
				<item id="serviceContext" tag="@serviceContext" label="ServiceContext" type="list"/>
				<item id="attribute" tag="@attribute" label="Attribute" type="list"/>
				<item id="default" tag="@default" label="default" type="text"/>
				<item id="enumValues" tag="@enumValues" label="Value List" type="text"/>
				<item id="fixedValue" tag="@fixedValue" label="Fixed Value" type="text"/>
				<item id="description" tag="@description" label="Description" type="text" multiLine="7"/>
				<item id="information" label="Information" type="label" state="locked" multiLine="8"/>
				<item id="variableBlock" tag="@variableBlock" label="VariableBlock" type="text"/> 
				<!--				<item id="ref" tag="@ref" label="Reference" type="list" /> -->
			</detail>
		</type>
		<type id="function" label="Function" template="paf_function" keyPostfix="pf" enableTesting="no" class="1" icon="4">
			<header>
				<item id="application" tag="/application" label="Application" type="list" required="yes" listSubItem="yes"/>
				<item id="messageName" tag="/name" label="Function Id" type="text" required="yes" validChars="ABCDEFGHIJKLMNOPQRSTUVWXYZabcdefghijklmnopqrstuvwxyz1234567890.-_"/>
				<item id="systemID" tag="/systemid" label="System ID" type="text" listSubItem="yes"/>
				<item id="requestType" tag="/requesttype" label="Request Type" type="text" listSubItem="yes"/>
				<item id="tagName" tag="/tag" label="Tag" type="text" listSubItem="yes" validChars="ABCDEFGHIJKLMNOPQRSTUVWXYZabcdefghijklmnopqrstuvwxyz1234567890.-_"/>
				<item id="soapTagInput" tag="/soapTagInput" label="InputSoapTag" type="text" validChars="ABCDEFGHIJKLMNOPQRSTUVWXYZabcdefghijklmnopqrstuvwxyz1234567890.-_"/>
				<item id="soapTagOutput" tag="/soapTagOutput" label="OutputSoapTag" type="text" validChars="ABCDEFGHIJKLMNOPQRSTUVWXYZabcdefghijklmnopqrstuvwxyz1234567890.-_"/>
				<item id="FunctionKey" tag="/functionKey" label="Name" required="no" type="text" validChars="ABCDEFGHIJKLMNOPQRSTUVWXYZabcdefghijklmnopqrstuvwxyz_-1234567890"/>
				<item id="nullString" tag="/nullString" label="Null String" type="text"/>
				<item id="sameio" tag="/sameio" label="sameio" type="text" validChars="ABCDEFGHIJKLMNOPQRSTUVWXYZabcdefghijklmnopqrstuvwxyz_-1234567890"/>
				<item id="description" tag="/description" label="Description" type="text" multiLine="7"/>
				<item id="messageDate" tag="/created" label="Dated" type="text" state="locked" listSubItem="yes"/>
				<item id="author" tag="/author" label="Author" type="text" state="locked" listSubItem="yes"/>
				<item id="tapmessage" tag="/tapMessageName" label="Tap Message Name" type="text" validChars="ABCDEFGHIJKLMNOPQRSTUVWXYZabcdefghijklmnopqrstuvwxyz1234567890.-_"/>
				<item id="tapclassname" tag="/tapClassName" label="Tap Class Name" type="text" validChars="ABCDEFGHIJKLMNOPQRSTUVWXYZabcdefghijklmnopqrstuvwxyz1234567890.-_"/>
				
			</header>
			<group>
				<item id="name" tag="@name" label="Name" required="yes" type="text" validChars="ABCDEFGHIJKLMNOPQRSTUVWXYZabcdefghijklmnopqrstuvwxyz_-1234567890"/>
				<item id="minOccurs" tag="@minOccurs" label="minOccurs" required="yes" type="text" validChars="10"/>
				<item id="maxOccurs" tag="@maxOccurs" label="maxOccurs" required="yes" type="text" validChars="1234567890"/>
			</group>
			<detail>
				<item id="name" tag="@name" label="Name" required="yes" type="text" validChars="ABCDEFGHIJKLMNOPQRSTUVWXYZabcdefghijklmnopqrstuvwxyz_-1234567890"/>
				<item id="tapname" tag="@tapname" label="TapName" required="no" type="text" listSubItem="yes" validChars="ABCDEFGHIJKLMNOPQRSTUVWXYZabcdefghijklmnopqrstuvwxyz_-1234567890"/>
				<item id="nexenName" tag="@nexenName" label="Nexen Name" type="text" multiLine="1"/>
				<item id="display_off" tag="@display_off" label="display_off" type="text" listSubItem="no"/>
				<item id="fieldType" tag="@type" label="Type" required="yes" type="list" listSubItem="yes"/>
				<item id="fieldSize" tag="@size" label="Size" type="text" validChars="1234567890" listSubItem="yes"/>
				<item id="precision" tag="@precision" label="Precision" type="text" validChars="1234567890" listSubItem="yes"/>
				<item id="maxOccurs" tag="@maxOccurs" label="maxOccurs" type="text" validChars="1234567890"/>
				<item id="required" tag="@required" label="Required" type="list" listSubItem="yes"/>
				<item id="nillable" tag="@nillable" label="Nillable" type="list"/>
				<item id="format" tag="@format" label="MQ Format" type="list"/>
				<item id="plheader" tag="@plheader" label="PL Header" type="list"/>
				<item id="serviceContext" tag="@serviceContext" label="ServiceContext" type="list"/>
				<item id="attribute" tag="@attribute" label="Attribute" type="list"/>
				<item id="default" tag="@default" label="default" type="text"/>
				<item id="enumValues" tag="@enumValues" label="Value List" type="text"/>
				<item id="fixedValue" tag="@fixedValue" label="Fixed Value" type="text"/>
				<item id="freeForm" tag="@freeForm" label="Free Form" type="text" multiLine="3"/>
				<item id="description" tag="@description" label="Description" type="text" multiLine="7"/>
				<item id="information" label="Information" type="label" state="locked" multiLine="8"/>
				<item id="variableBlock" tag="@variableBlock" label="VariableBlock" type="text"/> 
				<!--				<item id="ref" tag="@ref" label="Reference" type="list" />  -->
				<item id="extends" tag="@extends" label="extends" type="text"/>
				
				
			</detail>
		</type>
		<type id="service" label="Service" template="paf_service" keyPostfix="ps" enableTesting="yes" class="2" icon="12">
			<header>
				<item id="application" tag="/application" label="Application" type="list" required="yes" listSubItem="yes"/>
				<item id="messageName" tag="/name" label="Name" type="text" required="yes" validChars="ABCDEFGHIJKLMNOPQRSTUVWXYZabcdefghijklmnopqrstuvwxyz1234567890.-_"/>
				<item id="alternateName" tag="/alternate" label="Alternate Name" type="text" validChars="ABCDEFGHIJKLMNOPQRSTUVWXYZabcdefghijklmnopqrstuvwxyz1234567890.-_"/>
				<item id="version" tag="/version" label="Version No" type="text" validChars="123456789"/>
				<item id="systemId" tag="/systemId" label="System ID" type="text" validChars="ABCDEFGHIJKLMNOPQRSTUVWXYZabcdefghijklmnopqrstuvwxyz1234567890.-_"/>
				<item id="requestType" tag="/requestType" label="Request Type" type="text" validChars="ABCDEFGHIJKLMNOPQRSTUVWXYZabcdefghijklmnopqrstuvwxyz1234567890.-_"/>
				<item id="soapTag" tag="/soapTag" label="Soap Tag" type="text" validChars="ABCDEFGHIJKLMNOPQRSTUVWXYZabcdefghijklmnopqrstuvwxyz1234567890.-_"/>
				<item id="serviceName" tag="serviceName" label="Service Name" type="text" validChars="ABCDEFGHIJKLMNOPQRSTUVWXYZabcdefghijklmnopqrstuvwxyz1234567890.-_"/>
				<item id="sourceOfInput" tag="sourceOfInput" label="Source of Input" type="text" validChars="ABCDEFGHIJKLMNOPQRSTUVWXYZabcdefghijklmnopqrstuvwxyz1234567890.-_"/>
				
				<item id="serviceType" tag="/serviceType" label="Type" type="list" required="no" listSubItem="yes">
					<listSubItem>
						<item id="req/res" label="request/response"/>
						<item id="notify" label="notify"/>
						<item id="broadcast" label="broadcast"/>
					</listSubItem>
				</item>
				<item id="description" tag="/description" label="Description" type="text" multiLine="7"/>
				<item id="messageDate" tag="/created" label="Dated" type="text" state="locked" listSubItem="yes"/>
				<item id="author" tag="/author" label="Author" type="text" state="locked" listSubItem="yes"/>
				<item id="composite" tag="/composite" label="Composite" type="text" validChars="ABCDEFGHIJKLMNOPQRSTUVWXYZabcdefghijklmnopqrstuvwxyz1234567890.-_"/>
			</header>
			<detail list="function"/>
		</type>
		<type id="webservice" label="WebService" template="paf_servicegroup" keyPostfix="sg" enableTesting="no" class="3" icon="20">
			<header>
				<item id="application" tag="/application" label="Application" type="list" required="yes" listSubItem="yes"/>
				<item id="messageName" tag="/name" label="Name" type="text" required="yes" validChars="ABCDEFGHIJKLMNOPQRSTUVWXYZabcdefghijklmnopqrstuvwxyz1234567890.-_"/>
				<item id="description" tag="/description" label="Description" type="text" multiLine="7"/>
				<item id="messageDate" tag="/created" label="Dated" type="text" state="locked" listSubItem="yes"/>
				<item id="author" tag="/author" label="Author" type="text" state="locked" listSubItem="yes"/>
			</header>
			<detail list="service"/>
		</type>
	</item>
</structures>
