<?xml version="1.0"?>
<processors>
   <item id="formatGrid" />
   <item id="swapNodes" />
   <item id="copyNodes" />
   <item id="addGroup" />   
   <item id="addItem" />
   <item id="deleteNode" />
   <item id="formatStructure" />
   <item id="formatTestGrid" />
   <item id="testCreate_v0" />
   <item id="testCreate_v6" />
   <item id="testCreate_v7" />
   <item id="testCreate_v8" />
   <item id="testMerge1" />
   <item id="testMerge2" />
   <item id="testReduce" />
   <item id="testAddItem" />
   <item id="testRemoveItem" />
   <item id="xslInputGenerator" />
   <item id="xslInputGenerator2" />
   <item id="xslOutputGenerator" />
</processors>
