<?xml version="1.0"?>
<categories>
   <item id="PAF">
      <type id="function">
         <objects>
            <item id="odscInputClass" label="ODSC Input Class" display="" export="text"
                  path="\eofficelib\com\pershing\pdoservices\(application)\inparm\" file="(message)_In.java" 
                  type="function" mode="input" by="message" template="xml" processor="odscInputClass" />
            <item id="odscOutputClass" label="ODSC Output Class" display="" export="text"
                  path="\eofficelib\com\pershing\pdoservices\(application)\outparm\" file="(message)_Out.java"
                  type="function" mode="output" by="message" template="xml" processor="odscOutputClass" />
            <item id="odscInputHTML" label="ODSC Input Class" display="html" export=""
                  path="\xmllink\html\(application)\" file="(message)_ODSCInput.html" 
                  type="function" mode="input" by="message" template="xml" processor="odscInputHTML" />
            <item id="odscOutputHTML" label="ODSC Output Class" display="html" export="" 
                  path="\xmllink\html\(application)\" file="(message)_ODSCOutput.html" 
                  type="function" mode="output" by="message" template="xml" processor="odscOutputHTML" />
            <item id="reportMap" label="MQ Definition (Word)" display="" export="word"
                  path="\xmllink\documentation\(application)\" file="(message) Map Report.doc" 
                  type="function" by="report" processor="reportMap" />
            <item id="mqHTML" label="MQ Definition (HTML)" display="html" export="html" 
                  path="\xmllink\html\(application)\" file="(message)_MQ.htm" 
                  type="function" mode="" by="message" template="xml" processor="mqHTML" />
         </objects>
      </type>
      <type id="service">
         <objects>
            <item id="xsdRequestSchema_v7" label="XSD Request Schema (V7)" display="xml" export="xml"
                  path="\xmllink\web\schema\(application)\" file="(message)_request.xsd" 
                  type="service" mode="input" by="message" template="xml" processor="xsdRequestSchema_v7" />
            <item id="xsdResponseSchema_v7" label="XSD Response Schema (V7)" display="xml" export="xml"
                  path="\xmllink\web\schema\(application)\" file="(message)_(messageForm).xsd" 
                  type="service" mode="output" by="message" template="xml" processor="xsdResponseSchema_v7" />
            <item id="xmlRequestSchema_v6" label="XSD Request Schema (V6)" display="xml" export="xml"
                  path="\xmllink\web\schemas\(application)\" file="(message)_request.xsd" 
                  type="service" mode="input" by="message" template="xml" processor="xsdRequestSchema_v6" />
            <item id="xmlResponseSchema_v6" label="XSD Response Schema (V6)" display="xml" export="xml"
                  path="\xmllink\web\schemas\(application)\" file="(message)_(messageForm).xsd" 
                  type="service" mode="output" by="message" template="xml" processor="xsdResponseSchema_v6" />
            <item id="reportXML" label="XML Defintion (Word)" display="" export="word" 
                  path="\xmllink\documentation\(application)\" file="(message) XML Report.doc"
                  type="service" by="report" processor="reportXML" />
            <item id="reportMap" label="MQ Definition (Word)" display="" export="word"
                  path="\xmllink\documentation\(application)\" file="(message) Map Report.doc" 
                  type="function" by="report" processor="reportMap" />
            <item id="odscInputClass" label="ODSC Input Class" display="" export="text"
                  path="\eofficelib\com\pershing\pdoservices\(application)\inparm\" file="(message)_In.java" 
                  type="function" mode="input" by="message" template="xml" processor="odscInputClass" />
            <item id="odscOutputClass" label="ODSC Output Class" display="" export="text"
                  path="\eofficelib\com\pershing\pdoservices\(application)\outparm\" file="(message)_Out.java"
                  type="function" mode="output" by="message" template="xml" processor="odscOutputClass" />
         </objects>
      </type>
      <type id="servicegroup">
         <objects>
            <item id="wsdlAbstract" label="Abstract WSDL" display="xml" export="xml" 
                  path="\xmllink\web\wsdl\" file="(message)_definition.wsdl" 
                  type="webservice" mode="group" by="group" template="xml" processor="wsdlAbstract" />
            <item id="wsdlConcrete" label="Concrete WSDL" display="xml" export="xml"
                  path="\xmllink\web\wsdl\" file="(message)_service.wsdl" 
                  type="webservice" mode="group" by="group" template="xml" processor="wsdlConcrete" />
            <item id="xsdRequestSchema_v7" label="XSD Request Schema (V7)" display="" export="xml"
                  path="\xmllink\web\schema\(application)\" file="(message)_request.xsd" 
                  type="service" mode="input" by="message" template="xml" processor="xsdRequestSchema_v7" />
            <item id="xsdResponseSchema_v7" label="XSD Response Schema (V7)" display="" export="xml"
                  path="\xmllink\web\schema\(application)\" file="(message)_(messageForm).xsd" 
                  type="service" mode="output" by="message" template="xml" processor="xsdResponseSchema_v7" />
            <item id="odscInputClass" label="ODSC Input Class" display="" export="text"
                  path="\eofficelib\com\pershing\pdoservices\(application)\inparm\" file="(message)_In.java" 
                  type="function" mode="input" by="message" template="xml" processor="odscInputClass" />
            <item id="odscOutputClass" label="ODSC Output Class" display="" export="text"
                  path="\eofficelib\com\pershing\pdoservices\(application)\outparm\" file="(message)_Out.java"
                  type="function" mode="output" by="message" template="xml" processor="odscOutputClass" />
         </objects>
      </type>
      <type id="type">
         <objects>
            <item id="defHTML" label="Definition (HTML)" display="html" export="html" 
                  path="\xmllink\html\(application)\" file="(message)_Def.htm" 
                  type="function" mode="" by="message" template="xml" processor="defHTML" />
         </objects>
      </type>
   </item>
</categories>
