<?xml version="1.0"?>
<lists>
   <required>
      <item id="no"  label="No" />
      <item id="yes" label="Yes" selected="yes" />
   </required>
   <nillable>
      <item id="no"  label="No" selected="yes" />
      <item id="yes" label="Yes" />
   </nillable>
   <version>
      <item id="v0" label="Direct - mainframe only" />
      <item id="v6" label="XML - without namespace" />
      <item id="v7" label="XML - with namespace" selected="yes" />
      <item id="v8" label="SOAP" />
   </version>
</lists>
