<?xml version="1.0"?>
<settings>
   <item id="QManager" Value="FPNTLNKD01" />
   <item id="requestQ" Value="XML.REQUEST.FPNTLNKD01" />
   <item id="responseQ" Value="XML.RESPONSE.FPNTLNKD01" />
   <item id="logonServlet" Value="xmllink/logon" />
   <item id="logoffServlet" Value="xmllink/logoff" />
   <item id="logonServlet_v0" Value="xmllink/logon" />
   <item id="logoffServlet_v0" Value="xmllink/logoff" />
   <item id="logonServlet_v6" Value="xmllink/logon" />
   <item id="logoffServlet_v6" Value="xmllink/logoff" />
   <item id="logonServlet_v7" Value="xmllink/logon" />
   <item id="logoffServlet_v7" Value="xmllink/logoff" />
   <item id="logonServlet_v8" Value="xmllink/serviceSOAP" />
   <item id="logoffServlet_v8" Value="xmllink/serviceSOAP" />
</settings>