<?xml version="1.0"?>
<types>
	<item id="Account" label="Account" type="basic">
		<fieldSize state="suppress" />
		<precision state="suppress" />
		<enumValues state="suppress" />
		<fixedValue state="suppress" />
		<format state="suppress" />
		<information state="locked">
			<![CDATA[This is a 9 character field in XML, mapped to a 9 character field in MQ.

Example:- <account>40V000000</ account>]]>
		</information>
	</item>
	<item id="Address" label="Address">
		<fieldSize state="suppress" />
		<precision state="suppress" />
		<enumValues state="suppress" />
		<fixedValue state="suppress" />
		<format state="suppress" />
		<information state="locked">
			<![CDATA[This is a complex type in XML, mapped to a 216 character field in MQ.

Example:- <address><type>M</ type><country>US</ country><line1>222 Main Street</ line1><city>Deville</ city><stateProvince>CO</ stateProvince><postalCode>14401</ postalCode></ address>]]>
		</information>
	</item>
	<item id="Date" label="Date" type="basic">
		<fieldSize state="suppress" />
		<precision state="suppress" />
		<enumValues state="suppress" />
		<fixedValue state="suppress" />
		<format required="yes">
			<item id="" label="MM/DD/YYYY (default)" selected="yes" />
			<item id="MM/dd/yy" label="MM/DD/YY" />
			<item id="yyyy-MM-dd" label="YYYY-MM-DD" />
			<item id="MMddyyyy" label="MMDDYYYY" />
			<item id="MMddyy" label="MMDDYY" />
			<item id="yyyyMMdd" label="YYYYMMDD" />
			<item id="SyyyyMMdd" label="SYYYYMMDD" />
			<item id="yyyyDDD" label="YYYYDDD" />
			<item id="SyyyyDDD" label="SYYYYDDD" />
		</format>
		<information state="locked">
			<![CDATA[This is a 10 character field in XML, mapped to a predefined format in MQ, choosen from the above list.

Example:- <dateOfBirth>2001-11-01</ dateOfBirth>

Note:- the default format is MM/DD/YYYY, so this would translate to 11/01/2001.]]>
		</information>
	</item>
	<item id="DateTime" label="DateTime" type="basic">
		<fieldSize state="suppress" />
		<precision state="suppress" />
		<enumValues state="suppress" />
		<fixedValue state="suppress" />
		<format required="yes">
			<item id="" label="MM/DD/YYYY hh:mm:ss (default)" selected="yes" />
			<item id="MM/dd/yy HH:mm:ss" label="MM/DD/YY hh:mm:ss" />
			<item id="yyyy-MM-dd HH:mm:ss" label="YYYY-MM-DD hh:mm:ss" />
			<item id="MMddyyyy HHmmss" label="MMDDYYYY hhmmss" />
			<item id="MMddyy HHmmss" label="MMDDYY hhmmss" />
			<item id="yyyyMMdd HHmmss" label="YYYYMMDD hhmmss" />
		</format>
		<information state="locked">
			<![CDATA[This is a 19 character field in XML, mapped to a predefined format in MQ, choosen from the above list.

Example:- <settleDate>2001-11-05T14:27:34</ settleDate>

Note:- the 'T' is removed before being passed to MQ, with a default format MM/DD/YYYY hh:mm:ss, this would translate to 11/05/2001 14:27:34. ]]>
		</information>
	</item>
	<item id="Decimal" label="Decimal" type="basic">
		<fieldSize default="12" max="17" required="yes" />
		<precision default="6" max="17" required="yes" />
		<enumValues state="suppress" />
		<fixedValue state="suppress" />
		<format required="yes">
			<item id="" label="+0E00 (default)" selected="yes" />
			<item id="%fieldSize%.%precision%" label="0.0" />
			<item id="+%fieldSize%.%precision%" label="+0.0" />
			<item id="%fieldSize%V%precision%" label="0V0" />
			<item id="S%fieldSize%V%precision%" label="S0V0" />
		</format>
		<information state="locked">
			<![CDATA[This is a numeric field in XML, mapped to a predefined format in MQ, choosen from the above list.

Example:- <dollarAmount>1000.272</ dollarAmount>

Note:- the default format is +0E00, so this would translate to +1000272E03.]]>
		</information>
	</item>
	<item id="Decimal12.6" label="Decimal12.6" type="basic">
		<fieldSize state="suppress" />
		<precision state="suppress" />
		<enumValues state="suppress" />
		<fixedValue state="suppress" />
		<format>
			<item id="" label="+0E00 (default)" selected="yes" />
			<item id="000000000000.000000" label="0.0" />
			<item id="+000000000000.000000" label="+0.0" />
			<item id="000000000000V000000" label="0V0" />
			<item id="S000000000000V000000" label="S0V0" />
		</format>
		<information state="locked">
			<![CDATA[This is a numeric field in XML, mapped to a predefined format in MQ, choosen from the above list.
It has 12 digits before the decimal, and 6 after.

Example:- <dollarAmount>57221.492346</ dollarAmount>

Note:- the default format is +0E00, so this would translate to +000000057221492346E06.]]>
		</information>
	</item>
	<item id="Decimal14.4" label="Decimal14.4" type="basic">
		<fieldSize state="suppress" />
		<precision state="suppress" />
		<enumValues state="suppress" />
		<fixedValue state="suppress" />
		<format required="yes">
			<item id="" label="+0E00 (default)" selected="yes" />
			<item id="00000000000000.0000" label="0.0" />
			<item id="+0000000000000.0000" label="+0.0" />
			<item id="00000000000000V0000" label="0V0" />
			<item id="S00000000000000V0000" label="S0V0" />
		</format>
		<information state="locked">
			<![CDATA[This is a numeric field in XML, and mapped to a predefined format in MQ, choosen from the above list.
It has 14 digits before the decimal, and 4 after.

Example:- <dollarAmount>89012.7261</ dollarAmount>

Note:- the default format is +0E00, so this would translate to +00000000890127261E04.]]>
		</information>
	</item>
	<item id="Decimal16.2" label="Decimal16.2" type="basic">
		<fieldSize state="suppress" />
		<precision state="suppress" />
		<enumValues state="suppress" />
		<fixedValue state="suppress" />
		<format required="yes">
			<item id="" label="+0E00 (default)" selected="yes" />
			<item id="0000000000000000.00" label="0.0" />
			<item id="+000000000000000.00" label="+0.0" />
			<item id="0000000000000000V00" label="0V0" />
			<item id="S0000000000000000V00" label="S0V0" />
		</format>
		<information state="locked">
			<![CDATA[This is a numeric field in XML, and mapped to a predefined format in MQ, choosen from the above list.
It has 16 digits before the decimal, and 2 after.

Example:- <dollarAmount>6634.22</ dollarAmount>

Note:- the default format is +0E00 so this, would translate to +000000000000663422E02.]]>
		</information>
	</item>
	<item id="Enumeration" label="Enumeration" type="basic">
		<fieldSize default="5" max="100" required="yes" />
		<precision state="suppress" />
		<fixedValue state="suppress" />
		<enumValues required="yes" />
		<format state="suppress" />
		<information state="locked">
			<![CDATA[This is a enumerated type in XML.
Enter the values in Value List as a comma separated list.]]>
		</information>
	</item>
	<item id="Indicator" label="Indicator" type="basic">
		<fieldSize state="suppress" />
		<precision state="suppress" />
		<enumValues state="suppress" />
		<fixedValue state="suppress" />
		<format state="suppress" />
		<information state="locked">
			<![CDATA[This is a enumerated type in XML, entered either as Y or N.

Example:- <sendToUser>Y</ sendToUser>

Note:- Y is translated to 1, N to 0 in MQ.]]>
		</information>
	</item>
	<item id="Integer" label="Integer" type="basic">
		<fieldSize default="18" max="18" required="yes" />
		<precision state="suppress" />
		<enumValues state="suppress" />
		<fixedValue state="suppress" />
		<format required="yes">
			<item id="" label="+0E00 (default)" selected="yes" />
			<item id="%fieldSize%" label="0" />
			<item id="+%fieldSize%" label="+0" />
			<item id="S%fieldSize%" label="S0" />
		</format>
		<information state="locked">
			<![CDATA[This is a numeric field in XML (whole numers only), mapped to a predefined format in MQ, choosen from the above list.

Example:- <totalCount>432</ totalCount>

Note:- the default format is +0E00 so this, would translate to +00432E00.]]>
		</information>
	</item>
	<item id="Integer18" label="Integer18" type="basic">
		<fieldSize state="suppress" />
		<precision state="suppress" />
		<enumValues state="suppress" />
		<fixedValue state="suppress" />
		<format required="yes">
			<item id="" label="+0E00 (default)" selected="yes" />
			<item id="000000000000000000" label="0" />
			<item id="+000000000000000000" label="+0" />
			<item id="S000000000000000000" label="S0" />
		</format>
		<information state="locked">
			<![CDATA[This is a numeric field in XML (whole numers only), mapped to a predefined format in MQ, choosen from the above list.

Example:- <size>689024</ size>

Note:- the default format is +0E00 so this, would translate to +000000000000689024E00.]]>
		</information>
	</item>
	<item id="Phone" label="Phone">
		<fieldSize state="suppress" />
		<precision state="suppress" />
		<enumValues state="suppress" />
		<fixedValue state="suppress" />
		<format state="suppress" />
		<information state="locked">
			<![CDATA[This is a complex type in XML, mapped to a 69 character field in MQ.

Example:- <phone><region>U</ region><type>M</ type><number>(555)678-2341</ number><ext>5672</ ext></phone>]]>
		</information>
	</item>
	<item id="Reserved" label="Reserved" type="basic">
		<fieldSize default="30" max="9999" required="yes" />
		<precision state="suppress" />
		<required state="locked">no</required>
		<nillable state="suppress" />
		<enumValues state="suppress" />
		<fixedValue maxLength="yes" />
		<format state="suppress" />
		<information state="locked">
			<![CDATA[This is a special type that will reserve space in the MQ, but will not be seen in the XML. An example of this field would be a filler.]]>
		</information>
	</item>
	<item id="String" label="String" selected="yes" type="basic">
		<fieldSize default="30" max="9999" required="yes" />
		<precision state="suppress" />
		<enumValues state="suppress" />
		<fixedValue state="suppress" />
		<format state="suppress" />
		<information state="locked" />
		<plheader required="no">
      	   	  <item id="" label="" selected="yes"/>
      		  <item id="PLH.6" label="Continuation Key"/>
		      <item id="PLH.12" label="Completion Flag"/>
		      <item id="PLH.14" label="Returned Message"/>
		      <item id="PLH.19" label="Source of Input 2"/>
		      <item id="PLH.22" label="ContinuationDirection"/>
		      <item id="PLH.18" label="User Id"/>
		      <item id="PLH.16" label="CorrespondentNumber"/>
		      <item id="PLH.2" label="Version"/>
   		</plheader>

		
	</item>
	<item id="Time" label="Time" type="basic">
		<fieldSize state="suppress" />
		<precision state="suppress" />
		<enumValues state="suppress" />
		<fixedValue state="suppress" />
		<format required="yes">
			<item id="" label="hh:mm:ss (default)" selected="yes" />
			<item id="HHmmss" label="hhmmss" />
		</format>
		<information state="locked">
			<![CDATA[This is an 8 character field in XML, mapped to a predefined format in MQ, choosen from the above list.

Example:- <quoteTime>22:15:52</ quoteTime>

Note: the default format is hh:mm:ss, so this would translate to 22:15:52.]]>
		</information>
	</item>
	<item id="Timestamp" label="Timestamp" type="basic">
		<fieldSize state="suppress" />
		<precision state="suppress" />
		<enumValues state="suppress" />
		<fixedValue state="suppress" />
		<format required="yes">
			<item id="" label="YYYY-MM-DD hh:mm:ss.ssssss (default)" selected="yes" />
			<item id="yyyy-MM-dd HH:mm:ssSSSSSS|Z" label="YYYY-MM-DD hh:mm:ss.ssssss (UTC)" />
			<item id="yyyyMMddHHmmssSS" label="YYYYMMDDhhmmssSS" />
			<item id="yyyyMMddHHmmssSS|Z" label="YYYYMMDDhhmmssSS (UTC)" />
			<item id="yyyyMMddHHmmssSSSSSS" label="YYYYMMDDhhmmssSSSSSS" />
			<item id="yyyyMMddHHmmssSSSSSS|Z" label="YYYYMMDDhhmmssSSSSSS (UTC)" />
		</format>
		<information state="locked">
			<![CDATA[This is a 26 character field in XML.

Example:- <processTime>2001/12/01T13:48:06.452331</ processTime>

Note:- the 'T' is removed before being passed to MQ, so this would translate to 2001-12/01 13:48:06.452331.]]>
		</information>
	</item>
</types>