<?xml version="1.0"?>
<mappings>
   <mapDBtoStore>
	<item id="1" type="Integer" />
	<item id="2" type="Integer" />
	<item id="3" type="Integer" />
	<item id="4" type="Integer" />
	<item id="10" type="Decimal" />
	<item id="12" type="Decimal" />
	<item id="13" type="Decimal" />
	<item id="14" type="Date" />
	<item id="15" type="Indicator" />
	<item id="16" type="String" />
	<item id="17" type="String" />
	<item id="18" type="String" />
	<item id="19" type="String" />
	<item id="29" type="Date" />
	<item id="30" type="Time" />
	<item id="31" type="Timestamp" />
    </mapDBtoStore>
    <mapODSCtoStore>
	<item id="*" type="" />
	<item id="d" type="Decimal" />
	<item id="e" type="Date" />
	<item id="f" type="Decimal" />
	<item id="g" type="DateTime" />
	<item id="i" type="Integer" />
	<item id="l" type="Integer" />
	<item id="r" type="Reserved" />
	<item id="s" type="String" />
	<item id="t" type="Time" />
    </mapODSCtoStore>
</mappings>